{
    "version": "0.4",
    "title": "Footer style-1",
    "type": "footer",
    "metadata": {
        "template_type": "section-footer",
        "include_in_zip": "1",
        "elementor_pro_required": "1",
        "elementor_library_type": "footer",
        "additional_template_information": [
            "This is a \"Footer\" template for Elementor Pro."
        ],
        "wp_page_template": "default"
    },
    "content": [
        {
            "id": "2a35a56c",
            "settings": {
                "content_width": {
                    "unit": "px",
                    "size": 1170,
                    "sizes": []
                },
                "structure": "30",
                "background_background": "classic",
                "background_color": "#FFFFFF",
                "margin": {
                    "unit": "px",
                    "top": "0",
                    "right": 0,
                    "bottom": "0",
                    "left": 0,
                    "isLinked": false
                },
                "padding": {
                    "unit": "px",
                    "top": "145",
                    "right": "0",
                    "bottom": "146",
                    "left": "0",
                    "isLinked": false
                },
                "padding_tablet": {
                    "unit": "px",
                    "top": "70",
                    "right": "30",
                    "bottom": "70",
                    "left": "30",
                    "isLinked": false
                },
                "padding_mobile": {
                    "unit": "px",
                    "top": "50",
                    "right": "20",
                    "bottom": "20",
                    "left": "20",
                    "isLinked": false
                },
                "background_image": {
                    "url": "http:\/\/template-kit.axiomthemes.com\/travel-blog\/wp-content\/uploads\/sites\/12\/2020\/03\/photo-1479030574009-1e48577746e8.jpg",
                    "id": 131
                },
                "background_position": "center center",
                "background_repeat": "no-repeat",
                "background_size": "cover",
                "background_overlay_background": "classic",
                "background_overlay_color": "#000000",
                "background_overlay_opacity": {
                    "unit": "px",
                    "size": 0.6,
                    "sizes": []
                }
            },
            "elements": [
                {
                    "id": "49a5dc8a",
                    "settings": {
                        "_column_size": 33,
                        "_inline_size": null,
                        "space_between_widgets": 0,
                        "background_background": "classic",
                        "background_position": "top center",
                        "background_repeat": "no-repeat",
                        "margin": {
                            "unit": "px",
                            "top": "0",
                            "right": "15",
                            "bottom": "0",
                            "left": "0",
                            "isLinked": false
                        },
                        "padding": {
                            "unit": "px",
                            "top": "0",
                            "right": "40",
                            "bottom": "0",
                            "left": "0",
                            "isLinked": false
                        },
                        "margin_tablet": {
                            "unit": "px",
                            "top": "0",
                            "right": "10",
                            "bottom": "0",
                            "left": "0",
                            "isLinked": false
                        },
                        "margin_mobile": {
                            "unit": "px",
                            "top": "0",
                            "right": "0",
                            "bottom": "30",
                            "left": "0",
                            "isLinked": false
                        },
                        "padding_tablet": {
                            "unit": "px",
                            "top": "0",
                            "right": "0",
                            "bottom": "0",
                            "left": "0",
                            "isLinked": false
                        }
                    },
                    "elements": [
                        {
                            "id": "1c7f0baf",
                            "settings": {
                                "title": "VAGABONDS",
                                "header_size": "h5",
                                "align": "left",
                                "title_color": "#FFFFFF",
                                "typography_typography": "custom",
                                "typography_font_family": "Josefin Sans",
                                "typography_font_size": {
                                    "unit": "em",
                                    "size": 1.33,
                                    "sizes": []
                                },
                                "typography_font_weight": "700",
                                "typography_text_transform": "none",
                                "typography_line_height": {
                                    "unit": "em",
                                    "size": 1.44,
                                    "sizes": []
                                },
                                "typography_letter_spacing": {
                                    "unit": "px",
                                    "size": 1.5,
                                    "sizes": []
                                },
                                "_margin": {
                                    "unit": "px",
                                    "top": "0",
                                    "right": "0",
                                    "bottom": "18",
                                    "left": "0",
                                    "isLinked": false
                                },
                                "_padding": {
                                    "unit": "px",
                                    "top": "0",
                                    "right": "0",
                                    "bottom": "0",
                                    "left": "0",
                                    "isLinked": false
                                },
                                "_animation": "fadeIn",
                                "_animation_delay": 50,
                                "_margin_tablet": {
                                    "unit": "px",
                                    "top": "0",
                                    "right": "0",
                                    "bottom": "20",
                                    "left": "0",
                                    "isLinked": false
                                },
                                "_padding_tablet": {
                                    "unit": "px",
                                    "top": "0",
                                    "right": "0",
                                    "bottom": "0",
                                    "left": "0",
                                    "isLinked": false
                                }
                            },
                            "elements": [],
                            "isInner": false,
                            "widgetType": "heading",
                            "elType": "widget"
                        },
                        {
                            "id": "3b10e6ba",
                            "settings": {
                                "editor": "Adipiscing elit curabitur condimentum mi id\nvolutpat mattis, enim arcu tris tique accumsan,\na integer lacus diam, fringilla sit amet dolor\namet dapibus, maximus turp phasellus semper\nest quis suscipit pellentesque.",
                                "align": "left",
                                "text_color": "#FFFFFF",
                                "typography_typography": "custom",
                                "typography_font_family": "Abel",
                                "typography_font_size": {
                                    "unit": "em",
                                    "size": 1,
                                    "sizes": []
                                },
                                "typography_font_weight": "400",
                                "typography_text_transform": "none",
                                "typography_line_height": {
                                    "unit": "em",
                                    "size": 1.48,
                                    "sizes": []
                                },
                                "typography_letter_spacing": {
                                    "unit": "px",
                                    "size": 0,
                                    "sizes": []
                                },
                                "typography_font_size_tablet": {
                                    "unit": "em",
                                    "size": "",
                                    "sizes": []
                                },
                                "_margin": {
                                    "unit": "px",
                                    "top": "0",
                                    "right": "0",
                                    "bottom": "0",
                                    "left": "0",
                                    "isLinked": false
                                },
                                "_margin_tablet": {
                                    "unit": "px",
                                    "top": "0",
                                    "right": "0",
                                    "bottom": "0",
                                    "left": "0",
                                    "isLinked": false
                                },
                                "_padding": {
                                    "unit": "px",
                                    "top": "0",
                                    "right": "0",
                                    "bottom": "0",
                                    "left": "0",
                                    "isLinked": false
                                },
                                "_padding_tablet": {
                                    "unit": "px",
                                    "top": "0",
                                    "right": "0",
                                    "bottom": "0",
                                    "left": "0",
                                    "isLinked": false
                                },
                                "_animation": "fadeIn",
                                "typography_line_height_tablet": {
                                    "unit": "em",
                                    "size": 1.3,
                                    "sizes": []
                                }
                            },
                            "elements": [],
                            "isInner": false,
                            "widgetType": "text-editor",
                            "elType": "widget"
                        }
                    ],
                    "isInner": false,
                    "elType": "column"
                },
                {
                    "id": "532efad4",
                    "settings": {
                        "_column_size": 33,
                        "_inline_size": null,
                        "space_between_widgets": 0,
                        "background_background": "classic",
                        "background_position": "top center",
                        "background_repeat": "no-repeat",
                        "margin": {
                            "unit": "px",
                            "top": "0",
                            "right": "10",
                            "bottom": "0",
                            "left": "11",
                            "isLinked": false
                        },
                        "padding": {
                            "unit": "px",
                            "top": "54",
                            "right": "0",
                            "bottom": "0",
                            "left": "0",
                            "isLinked": false
                        },
                        "margin_tablet": {
                            "unit": "px",
                            "top": "0",
                            "right": "0",
                            "bottom": "0",
                            "left": "10",
                            "isLinked": false
                        },
                        "margin_mobile": {
                            "unit": "px",
                            "top": "0",
                            "right": "0",
                            "bottom": "30",
                            "left": "0",
                            "isLinked": false
                        },
                        "padding_tablet": {
                            "unit": "px",
                            "top": "55",
                            "right": "0",
                            "bottom": "0",
                            "left": "0",
                            "isLinked": false
                        },
                        "padding_mobile": {
                            "unit": "px",
                            "top": "0",
                            "right": "0",
                            "bottom": "0",
                            "left": "0",
                            "isLinked": false
                        },
                        "animation": "fadeIn",
                        "animation_delay": 50
                    },
                    "elements": [
                        {
                            "id": "5484dc1c",
                            "settings": {
                                "image": {
                                    "id": 140,
                                    "url": "http:\/\/template-kit.axiomthemes.com\/travel-blog\/wp-content\/uploads\/sites\/12\/2020\/03\/right-arrow.png"
                                },
                                "thumbnail_size": "custom",
                                "thumbnail_custom_dimension": {
                                    "width": "11",
                                    "height": "9"
                                },
                                "title_text": "Dream About Being a Travel Blogger?",
                                "description_text": "",
                                "position": "left",
                                "title_size": "div",
                                "image_space": {
                                    "unit": "px",
                                    "size": 13,
                                    "sizes": []
                                },
                                "image_size": {
                                    "unit": "%",
                                    "size": 4,
                                    "sizes": []
                                },
                                "text_align": "left",
                                "content_vertical_alignment": "middle",
                                "title_color": "#FFFFFF",
                                "title_typography_typography": "custom",
                                "title_typography_font_family": "Abel",
                                "title_typography_font_size": {
                                    "unit": "em",
                                    "size": 1.11,
                                    "sizes": []
                                },
                                "title_typography_font_weight": "400",
                                "title_typography_text_transform": "none",
                                "title_typography_line_height": {
                                    "unit": "em",
                                    "size": 1.3,
                                    "sizes": []
                                },
                                "title_typography_letter_spacing": {
                                    "unit": "px",
                                    "size": 0.05,
                                    "sizes": []
                                },
                                "_margin": {
                                    "unit": "px",
                                    "top": "0",
                                    "right": "0",
                                    "bottom": "0",
                                    "left": "0",
                                    "isLinked": false
                                },
                                "_padding": {
                                    "unit": "px",
                                    "top": "0",
                                    "right": "0",
                                    "bottom": "8",
                                    "left": "0",
                                    "isLinked": false
                                },
                                "image_space_mobile": {
                                    "unit": "px",
                                    "size": 0,
                                    "sizes": []
                                },
                                "title_typography_line_height_mobile": {
                                    "unit": "em",
                                    "size": 1,
                                    "sizes": []
                                },
                                "_margin_mobile": {
                                    "unit": "px",
                                    "top": "-10",
                                    "right": "0",
                                    "bottom": "5",
                                    "left": "0",
                                    "isLinked": false
                                },
                                "_padding_mobile": {
                                    "unit": "px",
                                    "top": "0",
                                    "right": "0",
                                    "bottom": "0",
                                    "left": "0",
                                    "isLinked": false
                                },
                                "link": {
                                    "url": "#",
                                    "is_external": "",
                                    "nofollow": ""
                                },
                                "image_size_mobile": {
                                    "unit": "%",
                                    "size": 0,
                                    "sizes": []
                                },
                                "title_typography_font_size_tablet": {
                                    "unit": "em",
                                    "size": 1,
                                    "sizes": []
                                },
                                "_padding_tablet": {
                                    "unit": "px",
                                    "top": "0",
                                    "right": "0",
                                    "bottom": "7",
                                    "left": "0",
                                    "isLinked": false
                                },
                                "image_size_tablet": {
                                    "unit": "%",
                                    "size": 6,
                                    "sizes": []
                                },
                                "title_typography_line_height_tablet": {
                                    "unit": "em",
                                    "size": 1,
                                    "sizes": []
                                }
                            },
                            "elements": [],
                            "isInner": false,
                            "widgetType": "image-box",
                            "elType": "widget"
                        },
                        {
                            "id": "51966915",
                            "settings": {
                                "image": {
                                    "id": 140,
                                    "url": "http:\/\/template-kit.axiomthemes.com\/travel-blog\/wp-content\/uploads\/sites\/12\/2020\/03\/right-arrow.png"
                                },
                                "thumbnail_size": "custom",
                                "thumbnail_custom_dimension": {
                                    "width": "11",
                                    "height": "9"
                                },
                                "title_text": "The Ultimate Packing Checklist",
                                "description_text": "",
                                "position": "left",
                                "title_size": "div",
                                "image_space": {
                                    "unit": "px",
                                    "size": 13,
                                    "sizes": []
                                },
                                "image_size": {
                                    "unit": "%",
                                    "size": 4,
                                    "sizes": []
                                },
                                "text_align": "left",
                                "content_vertical_alignment": "middle",
                                "title_color": "#FFFFFF",
                                "title_typography_typography": "custom",
                                "title_typography_font_family": "Abel",
                                "title_typography_font_size": {
                                    "unit": "em",
                                    "size": 1.11,
                                    "sizes": []
                                },
                                "title_typography_font_weight": "400",
                                "title_typography_text_transform": "none",
                                "title_typography_line_height": {
                                    "unit": "em",
                                    "size": 1.3,
                                    "sizes": []
                                },
                                "title_typography_letter_spacing": {
                                    "unit": "px",
                                    "size": 0.05,
                                    "sizes": []
                                },
                                "_margin": {
                                    "unit": "px",
                                    "top": "0",
                                    "right": "0",
                                    "bottom": "0",
                                    "left": "0",
                                    "isLinked": false
                                },
                                "_padding": {
                                    "unit": "px",
                                    "top": "0",
                                    "right": "0",
                                    "bottom": "8",
                                    "left": "0",
                                    "isLinked": false
                                },
                                "image_space_mobile": {
                                    "unit": "px",
                                    "size": 0,
                                    "sizes": []
                                },
                                "title_typography_line_height_mobile": {
                                    "unit": "em",
                                    "size": 1,
                                    "sizes": []
                                },
                                "_margin_mobile": {
                                    "unit": "px",
                                    "top": "-20",
                                    "right": "0",
                                    "bottom": "5",
                                    "left": "0",
                                    "isLinked": false
                                },
                                "_padding_mobile": {
                                    "unit": "px",
                                    "top": "0",
                                    "right": "0",
                                    "bottom": "0",
                                    "left": "0",
                                    "isLinked": false
                                },
                                "link": {
                                    "url": "#",
                                    "is_external": "",
                                    "nofollow": ""
                                },
                                "image_size_mobile": {
                                    "unit": "%",
                                    "size": 0,
                                    "sizes": []
                                },
                                "title_typography_font_size_tablet": {
                                    "unit": "em",
                                    "size": 1,
                                    "sizes": []
                                },
                                "_padding_tablet": {
                                    "unit": "px",
                                    "top": "0",
                                    "right": "0",
                                    "bottom": "7",
                                    "left": "0",
                                    "isLinked": false
                                },
                                "image_size_tablet": {
                                    "unit": "%",
                                    "size": 6,
                                    "sizes": []
                                }
                            },
                            "elements": [],
                            "isInner": false,
                            "widgetType": "image-box",
                            "elType": "widget"
                        },
                        {
                            "id": "52464845",
                            "settings": {
                                "image": {
                                    "id": 140,
                                    "url": "http:\/\/template-kit.axiomthemes.com\/travel-blog\/wp-content\/uploads\/sites\/12\/2020\/03\/right-arrow.png"
                                },
                                "thumbnail_size": "custom",
                                "thumbnail_custom_dimension": {
                                    "width": "11",
                                    "height": "9"
                                },
                                "title_text": "Tips and Tricks for a Successful Trips",
                                "description_text": "",
                                "position": "left",
                                "title_size": "div",
                                "image_space": {
                                    "unit": "px",
                                    "size": 13,
                                    "sizes": []
                                },
                                "image_size": {
                                    "unit": "%",
                                    "size": 4,
                                    "sizes": []
                                },
                                "text_align": "left",
                                "content_vertical_alignment": "middle",
                                "title_color": "#FFFFFF",
                                "title_typography_typography": "custom",
                                "title_typography_font_family": "Abel",
                                "title_typography_font_size": {
                                    "unit": "em",
                                    "size": 1.11,
                                    "sizes": []
                                },
                                "title_typography_font_weight": "400",
                                "title_typography_text_transform": "none",
                                "title_typography_line_height": {
                                    "unit": "em",
                                    "size": 1.3,
                                    "sizes": []
                                },
                                "title_typography_letter_spacing": {
                                    "unit": "px",
                                    "size": 0.05,
                                    "sizes": []
                                },
                                "_margin": {
                                    "unit": "px",
                                    "top": "0",
                                    "right": "0",
                                    "bottom": "0",
                                    "left": "0",
                                    "isLinked": false
                                },
                                "_padding": {
                                    "unit": "px",
                                    "top": "0",
                                    "right": "0",
                                    "bottom": "8",
                                    "left": "0",
                                    "isLinked": false
                                },
                                "image_space_mobile": {
                                    "unit": "px",
                                    "size": 0,
                                    "sizes": []
                                },
                                "title_typography_line_height_mobile": {
                                    "unit": "em",
                                    "size": 1,
                                    "sizes": []
                                },
                                "_margin_mobile": {
                                    "unit": "px",
                                    "top": "-20",
                                    "right": "0",
                                    "bottom": "5",
                                    "left": "0",
                                    "isLinked": false
                                },
                                "_padding_mobile": {
                                    "unit": "px",
                                    "top": "0",
                                    "right": "0",
                                    "bottom": "0",
                                    "left": "0",
                                    "isLinked": false
                                },
                                "link": {
                                    "url": "#",
                                    "is_external": "",
                                    "nofollow": ""
                                },
                                "image_size_mobile": {
                                    "unit": "%",
                                    "size": 0,
                                    "sizes": []
                                },
                                "title_typography_font_size_tablet": {
                                    "unit": "em",
                                    "size": 1,
                                    "sizes": []
                                },
                                "_padding_tablet": {
                                    "unit": "px",
                                    "top": "0",
                                    "right": "0",
                                    "bottom": "7",
                                    "left": "0",
                                    "isLinked": false
                                },
                                "image_size_tablet": {
                                    "unit": "%",
                                    "size": 6,
                                    "sizes": []
                                }
                            },
                            "elements": [],
                            "isInner": false,
                            "widgetType": "image-box",
                            "elType": "widget"
                        },
                        {
                            "id": "5d3526c",
                            "settings": {
                                "image": {
                                    "id": 140,
                                    "url": "http:\/\/template-kit.axiomthemes.com\/travel-blog\/wp-content\/uploads\/sites\/12\/2020\/03\/right-arrow.png"
                                },
                                "thumbnail_size": "custom",
                                "thumbnail_custom_dimension": {
                                    "width": "11",
                                    "height": "9"
                                },
                                "title_text": "10 Tips on How to Find Cheap ",
                                "description_text": "",
                                "position": "left",
                                "title_size": "div",
                                "image_space": {
                                    "unit": "px",
                                    "size": 13,
                                    "sizes": []
                                },
                                "image_size": {
                                    "unit": "%",
                                    "size": 4,
                                    "sizes": []
                                },
                                "text_align": "left",
                                "content_vertical_alignment": "middle",
                                "title_color": "#FFFFFF",
                                "title_typography_typography": "custom",
                                "title_typography_font_family": "Abel",
                                "title_typography_font_size": {
                                    "unit": "em",
                                    "size": 1.11,
                                    "sizes": []
                                },
                                "title_typography_font_weight": "400",
                                "title_typography_text_transform": "none",
                                "title_typography_line_height": {
                                    "unit": "em",
                                    "size": 1.3,
                                    "sizes": []
                                },
                                "title_typography_letter_spacing": {
                                    "unit": "px",
                                    "size": 0.05,
                                    "sizes": []
                                },
                                "_margin": {
                                    "unit": "px",
                                    "top": "0",
                                    "right": "0",
                                    "bottom": "0",
                                    "left": "0",
                                    "isLinked": false
                                },
                                "_padding": {
                                    "unit": "px",
                                    "top": "0",
                                    "right": "0",
                                    "bottom": "7",
                                    "left": "0",
                                    "isLinked": false
                                },
                                "image_space_mobile": {
                                    "unit": "px",
                                    "size": 0,
                                    "sizes": []
                                },
                                "title_typography_line_height_mobile": {
                                    "unit": "em",
                                    "size": 1,
                                    "sizes": []
                                },
                                "_margin_mobile": {
                                    "unit": "px",
                                    "top": "-20",
                                    "right": "0",
                                    "bottom": "5",
                                    "left": "0",
                                    "isLinked": false
                                },
                                "_padding_mobile": {
                                    "unit": "px",
                                    "top": "0",
                                    "right": "0",
                                    "bottom": "0",
                                    "left": "0",
                                    "isLinked": false
                                },
                                "link": {
                                    "url": "#",
                                    "is_external": "",
                                    "nofollow": ""
                                },
                                "image_size_mobile": {
                                    "unit": "%",
                                    "size": 0,
                                    "sizes": []
                                },
                                "title_typography_font_size_tablet": {
                                    "unit": "em",
                                    "size": 1,
                                    "sizes": []
                                },
                                "_padding_tablet": {
                                    "unit": "px",
                                    "top": "0",
                                    "right": "0",
                                    "bottom": "0",
                                    "left": "0",
                                    "isLinked": false
                                },
                                "image_size_tablet": {
                                    "unit": "%",
                                    "size": 6,
                                    "sizes": []
                                }
                            },
                            "elements": [],
                            "isInner": false,
                            "widgetType": "image-box",
                            "elType": "widget"
                        }
                    ],
                    "isInner": false,
                    "elType": "column"
                },
                {
                    "id": "7e1c08f6",
                    "settings": {
                        "_column_size": 33,
                        "_inline_size": null,
                        "space_between_widgets": 0,
                        "background_background": "classic",
                        "background_position": "top center",
                        "background_repeat": "no-repeat",
                        "margin": {
                            "unit": "px",
                            "top": "0",
                            "right": "0",
                            "bottom": "0",
                            "left": "21",
                            "isLinked": false
                        },
                        "padding": {
                            "unit": "px",
                            "top": "54",
                            "right": "0",
                            "bottom": "0",
                            "left": "0",
                            "isLinked": false
                        },
                        "margin_tablet": {
                            "unit": "px",
                            "top": "0",
                            "right": "0",
                            "bottom": "0",
                            "left": "10",
                            "isLinked": false
                        },
                        "margin_mobile": {
                            "unit": "px",
                            "top": "0",
                            "right": "0",
                            "bottom": "30",
                            "left": "0",
                            "isLinked": false
                        },
                        "padding_tablet": {
                            "unit": "px",
                            "top": "055",
                            "right": "0",
                            "bottom": "0",
                            "left": "0",
                            "isLinked": false
                        },
                        "padding_mobile": {
                            "unit": "px",
                            "top": "0",
                            "right": "0",
                            "bottom": "0",
                            "left": "0",
                            "isLinked": false
                        },
                        "animation": "fadeIn",
                        "animation_delay": 120
                    },
                    "elements": [
                        {
                            "id": "74ff4de",
                            "settings": {
                                "image": {
                                    "id": 140,
                                    "url": "http:\/\/template-kit.axiomthemes.com\/travel-blog\/wp-content\/uploads\/sites\/12\/2020\/03\/right-arrow.png"
                                },
                                "thumbnail_size": "custom",
                                "thumbnail_custom_dimension": {
                                    "width": "11",
                                    "height": "9"
                                },
                                "title_text": "What To Do in Vibrant a in 3 Days",
                                "description_text": "",
                                "position": "left",
                                "title_size": "div",
                                "image_space": {
                                    "unit": "px",
                                    "size": 13,
                                    "sizes": []
                                },
                                "image_size": {
                                    "unit": "%",
                                    "size": 4,
                                    "sizes": []
                                },
                                "text_align": "left",
                                "content_vertical_alignment": "middle",
                                "title_color": "#FFFFFF",
                                "title_typography_typography": "custom",
                                "title_typography_font_family": "Abel",
                                "title_typography_font_size": {
                                    "unit": "em",
                                    "size": 1.11,
                                    "sizes": []
                                },
                                "title_typography_font_weight": "400",
                                "title_typography_text_transform": "none",
                                "title_typography_line_height": {
                                    "unit": "em",
                                    "size": 1.3,
                                    "sizes": []
                                },
                                "title_typography_letter_spacing": {
                                    "unit": "px",
                                    "size": 0.05,
                                    "sizes": []
                                },
                                "_margin": {
                                    "unit": "px",
                                    "top": "0",
                                    "right": "0",
                                    "bottom": "0",
                                    "left": "0",
                                    "isLinked": false
                                },
                                "_padding": {
                                    "unit": "px",
                                    "top": "0",
                                    "right": "0",
                                    "bottom": "8",
                                    "left": "0",
                                    "isLinked": false
                                },
                                "image_space_mobile": {
                                    "unit": "px",
                                    "size": 0,
                                    "sizes": []
                                },
                                "title_typography_line_height_mobile": {
                                    "unit": "em",
                                    "size": 1,
                                    "sizes": []
                                },
                                "_margin_mobile": {
                                    "unit": "px",
                                    "top": "-20",
                                    "right": "0",
                                    "bottom": "5",
                                    "left": "0",
                                    "isLinked": false
                                },
                                "_padding_mobile": {
                                    "unit": "px",
                                    "top": "0",
                                    "right": "0",
                                    "bottom": "0",
                                    "left": "0",
                                    "isLinked": false
                                },
                                "link": {
                                    "url": "#",
                                    "is_external": "",
                                    "nofollow": ""
                                },
                                "image_size_mobile": {
                                    "unit": "%",
                                    "size": 0,
                                    "sizes": []
                                },
                                "title_typography_font_size_tablet": {
                                    "unit": "em",
                                    "size": 1,
                                    "sizes": []
                                },
                                "_padding_tablet": {
                                    "unit": "px",
                                    "top": "0",
                                    "right": "0",
                                    "bottom": "7",
                                    "left": "0",
                                    "isLinked": false
                                },
                                "css_filters_css_filter": "custom",
                                "image_size_tablet": {
                                    "unit": "%",
                                    "size": 6,
                                    "sizes": []
                                },
                                "title_typography_line_height_tablet": {
                                    "unit": "em",
                                    "size": 1,
                                    "sizes": []
                                }
                            },
                            "elements": [],
                            "isInner": false,
                            "widgetType": "image-box",
                            "elType": "widget"
                        },
                        {
                            "id": "30cc8e83",
                            "settings": {
                                "image": {
                                    "id": 140,
                                    "url": "http:\/\/template-kit.axiomthemes.com\/travel-blog\/wp-content\/uploads\/sites\/12\/2020\/03\/right-arrow.png"
                                },
                                "thumbnail_size": "custom",
                                "thumbnail_custom_dimension": {
                                    "width": "11",
                                    "height": "9"
                                },
                                "title_text": "Chase the Northern Lights in",
                                "description_text": "",
                                "position": "left",
                                "title_size": "div",
                                "image_space": {
                                    "unit": "px",
                                    "size": 13,
                                    "sizes": []
                                },
                                "image_size": {
                                    "unit": "%",
                                    "size": 4,
                                    "sizes": []
                                },
                                "text_align": "left",
                                "content_vertical_alignment": "middle",
                                "title_color": "#FFFFFF",
                                "title_typography_typography": "custom",
                                "title_typography_font_family": "Abel",
                                "title_typography_font_size": {
                                    "unit": "em",
                                    "size": 1.11,
                                    "sizes": []
                                },
                                "title_typography_font_weight": "400",
                                "title_typography_text_transform": "none",
                                "title_typography_line_height": {
                                    "unit": "em",
                                    "size": 1.3,
                                    "sizes": []
                                },
                                "title_typography_letter_spacing": {
                                    "unit": "px",
                                    "size": 0.05,
                                    "sizes": []
                                },
                                "_margin": {
                                    "unit": "px",
                                    "top": "0",
                                    "right": "0",
                                    "bottom": "0",
                                    "left": "0",
                                    "isLinked": false
                                },
                                "_padding": {
                                    "unit": "px",
                                    "top": "0",
                                    "right": "0",
                                    "bottom": "8",
                                    "left": "0",
                                    "isLinked": false
                                },
                                "image_space_mobile": {
                                    "unit": "px",
                                    "size": 0,
                                    "sizes": []
                                },
                                "title_typography_line_height_mobile": {
                                    "unit": "em",
                                    "size": 1,
                                    "sizes": []
                                },
                                "_margin_mobile": {
                                    "unit": "px",
                                    "top": "-20",
                                    "right": "0",
                                    "bottom": "5",
                                    "left": "0",
                                    "isLinked": false
                                },
                                "_padding_mobile": {
                                    "unit": "px",
                                    "top": "0",
                                    "right": "0",
                                    "bottom": "0",
                                    "left": "0",
                                    "isLinked": false
                                },
                                "link": {
                                    "url": "#",
                                    "is_external": "",
                                    "nofollow": ""
                                },
                                "image_size_mobile": {
                                    "unit": "%",
                                    "size": 0,
                                    "sizes": []
                                },
                                "title_typography_font_size_tablet": {
                                    "unit": "em",
                                    "size": 1,
                                    "sizes": []
                                },
                                "_padding_tablet": {
                                    "unit": "px",
                                    "top": "0",
                                    "right": "0",
                                    "bottom": "7",
                                    "left": "0",
                                    "isLinked": false
                                },
                                "image_size_tablet": {
                                    "unit": "%",
                                    "size": 6,
                                    "sizes": []
                                },
                                "title_typography_line_height_tablet": {
                                    "unit": "em",
                                    "size": 1,
                                    "sizes": []
                                }
                            },
                            "elements": [],
                            "isInner": false,
                            "widgetType": "image-box",
                            "elType": "widget"
                        },
                        {
                            "id": "2e2d459d",
                            "settings": {
                                "image": {
                                    "id": 140,
                                    "url": "http:\/\/template-kit.axiomthemes.com\/travel-blog\/wp-content\/uploads\/sites\/12\/2020\/03\/right-arrow.png"
                                },
                                "thumbnail_size": "custom",
                                "thumbnail_custom_dimension": {
                                    "width": "11",
                                    "height": "9"
                                },
                                "title_text": "Adventures Shopping Tour 2018",
                                "description_text": "",
                                "position": "left",
                                "title_size": "div",
                                "image_space": {
                                    "unit": "px",
                                    "size": 13,
                                    "sizes": []
                                },
                                "image_size": {
                                    "unit": "%",
                                    "size": 4,
                                    "sizes": []
                                },
                                "text_align": "left",
                                "content_vertical_alignment": "middle",
                                "title_color": "#FFFFFF",
                                "title_typography_typography": "custom",
                                "title_typography_font_family": "Abel",
                                "title_typography_font_size": {
                                    "unit": "em",
                                    "size": 1.11,
                                    "sizes": []
                                },
                                "title_typography_font_weight": "400",
                                "title_typography_text_transform": "none",
                                "title_typography_line_height": {
                                    "unit": "em",
                                    "size": 1.3,
                                    "sizes": []
                                },
                                "title_typography_letter_spacing": {
                                    "unit": "px",
                                    "size": 0.05,
                                    "sizes": []
                                },
                                "_margin": {
                                    "unit": "px",
                                    "top": "0",
                                    "right": "0",
                                    "bottom": "0",
                                    "left": "0",
                                    "isLinked": false
                                },
                                "_padding": {
                                    "unit": "px",
                                    "top": "0",
                                    "right": "0",
                                    "bottom": "8",
                                    "left": "0",
                                    "isLinked": false
                                },
                                "image_space_mobile": {
                                    "unit": "px",
                                    "size": 0,
                                    "sizes": []
                                },
                                "title_typography_line_height_mobile": {
                                    "unit": "em",
                                    "size": 1,
                                    "sizes": []
                                },
                                "_margin_mobile": {
                                    "unit": "px",
                                    "top": "-20",
                                    "right": "0",
                                    "bottom": "5",
                                    "left": "0",
                                    "isLinked": false
                                },
                                "_padding_mobile": {
                                    "unit": "px",
                                    "top": "0",
                                    "right": "0",
                                    "bottom": "0",
                                    "left": "0",
                                    "isLinked": false
                                },
                                "link": {
                                    "url": "#",
                                    "is_external": "",
                                    "nofollow": ""
                                },
                                "image_size_mobile": {
                                    "unit": "%",
                                    "size": 0,
                                    "sizes": []
                                },
                                "title_typography_font_size_tablet": {
                                    "unit": "em",
                                    "size": 1,
                                    "sizes": []
                                },
                                "_padding_tablet": {
                                    "unit": "px",
                                    "top": "0",
                                    "right": "0",
                                    "bottom": "7",
                                    "left": "0",
                                    "isLinked": false
                                },
                                "image_size_tablet": {
                                    "unit": "%",
                                    "size": 6,
                                    "sizes": []
                                },
                                "title_typography_line_height_tablet": {
                                    "unit": "em",
                                    "size": 1,
                                    "sizes": []
                                }
                            },
                            "elements": [],
                            "isInner": false,
                            "widgetType": "image-box",
                            "elType": "widget"
                        },
                        {
                            "id": "1b475e22",
                            "settings": {
                                "image": {
                                    "id": 140,
                                    "url": "http:\/\/template-kit.axiomthemes.com\/travel-blog\/wp-content\/uploads\/sites\/12\/2020\/03\/right-arrow.png"
                                },
                                "thumbnail_size": "custom",
                                "thumbnail_custom_dimension": {
                                    "width": "11",
                                    "height": "9"
                                },
                                "title_text": "Sandboarding in Huacachina Peru",
                                "description_text": "",
                                "position": "left",
                                "title_size": "div",
                                "image_space": {
                                    "unit": "px",
                                    "size": 13,
                                    "sizes": []
                                },
                                "image_size": {
                                    "unit": "%",
                                    "size": 4,
                                    "sizes": []
                                },
                                "text_align": "left",
                                "content_vertical_alignment": "middle",
                                "title_color": "#FFFFFF",
                                "title_typography_typography": "custom",
                                "title_typography_font_family": "Abel",
                                "title_typography_font_size": {
                                    "unit": "em",
                                    "size": 1.11,
                                    "sizes": []
                                },
                                "title_typography_font_weight": "400",
                                "title_typography_text_transform": "none",
                                "title_typography_line_height": {
                                    "unit": "em",
                                    "size": 1.3,
                                    "sizes": []
                                },
                                "title_typography_letter_spacing": {
                                    "unit": "px",
                                    "size": 0.05,
                                    "sizes": []
                                },
                                "_margin": {
                                    "unit": "px",
                                    "top": "0",
                                    "right": "0",
                                    "bottom": "0",
                                    "left": "0",
                                    "isLinked": false
                                },
                                "_padding": {
                                    "unit": "px",
                                    "top": "0",
                                    "right": "0",
                                    "bottom": "7",
                                    "left": "0",
                                    "isLinked": false
                                },
                                "image_space_mobile": {
                                    "unit": "px",
                                    "size": 0,
                                    "sizes": []
                                },
                                "title_typography_line_height_mobile": {
                                    "unit": "em",
                                    "size": 1,
                                    "sizes": []
                                },
                                "_margin_mobile": {
                                    "unit": "px",
                                    "top": "-20",
                                    "right": "0",
                                    "bottom": "5",
                                    "left": "0",
                                    "isLinked": false
                                },
                                "_padding_mobile": {
                                    "unit": "px",
                                    "top": "0",
                                    "right": "0",
                                    "bottom": "0",
                                    "left": "0",
                                    "isLinked": false
                                },
                                "link": {
                                    "url": "#",
                                    "is_external": "",
                                    "nofollow": ""
                                },
                                "image_size_mobile": {
                                    "unit": "%",
                                    "size": 0,
                                    "sizes": []
                                },
                                "title_typography_font_size_tablet": {
                                    "unit": "em",
                                    "size": 1,
                                    "sizes": []
                                },
                                "_padding_tablet": {
                                    "unit": "px",
                                    "top": "0",
                                    "right": "0",
                                    "bottom": "0",
                                    "left": "0",
                                    "isLinked": false
                                },
                                "image_size_tablet": {
                                    "unit": "%",
                                    "size": 6,
                                    "sizes": []
                                },
                                "title_typography_line_height_tablet": {
                                    "unit": "em",
                                    "size": 1,
                                    "sizes": []
                                }
                            },
                            "elements": [],
                            "isInner": false,
                            "widgetType": "image-box",
                            "elType": "widget"
                        }
                    ],
                    "isInner": false,
                    "elType": "column"
                }
            ],
            "isInner": false,
            "elType": "section"
        }
    ]
}