{
    "version": "0.4",
    "title": "Header style-1",
    "type": "header",
    "metadata": {
        "template_type": "section-header",
        "include_in_zip": "1",
        "elementor_pro_required": "1",
        "elementor_library_type": "header",
        "additional_template_information": [
            "This is a \"Header\" template for Elementor Pro."
        ],
        "wp_page_template": "default"
    },
    "content": [
        {
            "id": "2c50962f",
            "settings": {
                "layout": "full_width",
                "background_background": "classic",
                "background_color": "#A6A6A6",
                "margin_tablet": {
                    "unit": "px",
                    "top": "0",
                    "right": 0,
                    "bottom": "0",
                    "left": 0,
                    "isLinked": false
                },
                "padding_tablet": {
                    "unit": "px",
                    "top": "0",
                    "right": "0",
                    "bottom": "0",
                    "left": "0",
                    "isLinked": false
                }
            },
            "elements": [
                {
                    "id": "4a62636",
                    "settings": {
                        "_column_size": 100,
                        "_inline_size": null,
                        "space_between_widgets": 0,
                        "margin": {
                            "unit": "px",
                            "top": "0",
                            "right": "0",
                            "bottom": "0",
                            "left": "0",
                            "isLinked": false
                        },
                        "margin_tablet": {
                            "unit": "px",
                            "top": "0",
                            "right": "0",
                            "bottom": "0",
                            "left": "0",
                            "isLinked": false
                        },
                        "padding": {
                            "unit": "px",
                            "top": "0",
                            "right": "0",
                            "bottom": "0",
                            "left": "0",
                            "isLinked": false
                        },
                        "padding_tablet": {
                            "unit": "px",
                            "top": "0",
                            "right": "0",
                            "bottom": "0",
                            "left": "0",
                            "isLinked": false
                        }
                    },
                    "elements": [
                        {
                            "id": "1fa3a489",
                            "settings": {
                                "content_width": {
                                    "unit": "px",
                                    "size": 1170,
                                    "sizes": []
                                },
                                "structure": "20",
                                "background_background": "classic",
                                "margin": {
                                    "unit": "px",
                                    "top": "0",
                                    "right": 0,
                                    "bottom": "0",
                                    "left": 0,
                                    "isLinked": false
                                },
                                "padding": {
                                    "unit": "px",
                                    "top": "50",
                                    "right": "54",
                                    "bottom": "30",
                                    "left": "68",
                                    "isLinked": false
                                },
                                "layout": "full_width",
                                "gap": "no",
                                "padding_tablet": {
                                    "unit": "px",
                                    "top": "20",
                                    "right": "30",
                                    "bottom": "20",
                                    "left": "30",
                                    "isLinked": false
                                },
                                "padding_mobile": {
                                    "unit": "px",
                                    "top": "30",
                                    "right": "20",
                                    "bottom": "20",
                                    "left": "20",
                                    "isLinked": false
                                }
                            },
                            "elements": [
                                {
                                    "id": "3c0960ca",
                                    "settings": {
                                        "_column_size": 50,
                                        "_inline_size": 17.257,
                                        "space_between_widgets": 0,
                                        "margin": {
                                            "unit": "px",
                                            "top": "0",
                                            "right": "0",
                                            "bottom": "0",
                                            "left": "0",
                                            "isLinked": false
                                        },
                                        "padding": {
                                            "unit": "px",
                                            "top": "14",
                                            "right": "0",
                                            "bottom": "0",
                                            "left": "0",
                                            "isLinked": false
                                        },
                                        "_inline_size_tablet": 25,
                                        "_inline_size_mobile": 70
                                    },
                                    "elements": [
                                        {
                                            "id": "bc62054",
                                            "settings": {
                                                "image": {
                                                    "id": 25,
                                                    "url": "http:\/\/template-kit.axiomthemes.com\/travel-blog\/wp-content\/uploads\/sites\/12\/2020\/03\/logo.png"
                                                },
                                                "image_size": "custom",
                                                "image_custom_dimension": {
                                                    "width": "169",
                                                    "height": "27"
                                                },
                                                "align": "left",
                                                "align_mobile": "left",
                                                "_margin_mobile": {
                                                    "unit": "px",
                                                    "top": "0",
                                                    "right": "0",
                                                    "bottom": "5",
                                                    "left": "0",
                                                    "isLinked": false
                                                },
                                                "_padding_mobile": {
                                                    "unit": "px",
                                                    "top": "0",
                                                    "right": "0",
                                                    "bottom": "0",
                                                    "left": "0",
                                                    "isLinked": false
                                                },
                                                "_animation": "fadeIn",
                                                "align_tablet": "left"
                                            },
                                            "elements": [],
                                            "isInner": false,
                                            "widgetType": "image",
                                            "elType": "widget"
                                        }
                                    ],
                                    "isInner": true,
                                    "elType": "column"
                                },
                                {
                                    "id": "74754b38",
                                    "settings": {
                                        "_column_size": 50,
                                        "_inline_size": 82.743,
                                        "space_between_widgets": 0,
                                        "margin": {
                                            "unit": "px",
                                            "top": "0",
                                            "right": "0",
                                            "bottom": "0",
                                            "left": "0",
                                            "isLinked": false
                                        },
                                        "padding": {
                                            "unit": "px",
                                            "top": "7",
                                            "right": "0",
                                            "bottom": "0",
                                            "left": "0",
                                            "isLinked": false
                                        },
                                        "_inline_size_tablet": 75,
                                        "align_tablet": "flex-end",
                                        "_inline_size_mobile": 30
                                    },
                                    "elements": [
                                        {
                                            "id": "296928dd",
                                            "settings": {
                                                "align_items": "right",
                                                "pointer": "none",
                                                "menu_typography_typography": "custom",
                                                "menu_typography_font_family": "Josefin Sans",
                                                "menu_typography_font_size": {
                                                    "unit": "em",
                                                    "size": 0.722,
                                                    "sizes": []
                                                },
                                                "menu_typography_font_weight": "700",
                                                "menu_typography_text_transform": "uppercase",
                                                "menu_typography_line_height": {
                                                    "unit": "em",
                                                    "size": 1.33,
                                                    "sizes": []
                                                },
                                                "menu_typography_letter_spacing": {
                                                    "unit": "px",
                                                    "size": 0,
                                                    "sizes": []
                                                },
                                                "color_menu_item": "#FFFFFF",
                                                "color_menu_item_hover": "#FFA897",
                                                "color_menu_item_active": "#FFA897",
                                                "padding_horizontal_menu_item": {
                                                    "unit": "px",
                                                    "size": 1.5,
                                                    "sizes": []
                                                },
                                                "menu_space_between": {
                                                    "unit": "px",
                                                    "size": 44,
                                                    "sizes": []
                                                },
                                                "toggle_color": "#FFFFFF",
                                                "toggle_color_hover": "#FFA897",
                                                "toggle_size": {
                                                    "unit": "px",
                                                    "size": 23,
                                                    "sizes": []
                                                },
                                                "toggle_border_radius": {
                                                    "unit": "px",
                                                    "size": 4,
                                                    "sizes": []
                                                },
                                                "_margin": {
                                                    "unit": "px",
                                                    "top": "0",
                                                    "right": "0",
                                                    "bottom": "0",
                                                    "left": "0",
                                                    "isLinked": false
                                                },
                                                "_margin_mobile": {
                                                    "unit": "px",
                                                    "top": "0",
                                                    "right": "0",
                                                    "bottom": "5",
                                                    "left": "0",
                                                    "isLinked": false
                                                },
                                                "_padding": {
                                                    "unit": "px",
                                                    "top": "0",
                                                    "right": "0",
                                                    "bottom": "0",
                                                    "left": "0",
                                                    "isLinked": false
                                                },
                                                "_animation": "fadeInDown",
                                                "_animation_delay": 100,
                                                "menu_typography_text_decoration": "none",
                                                "_margin_tablet": {
                                                    "unit": "px",
                                                    "top": "0",
                                                    "right": "0",
                                                    "bottom": "0",
                                                    "left": "0",
                                                    "isLinked": false
                                                },
                                                "_padding_tablet": {
                                                    "unit": "px",
                                                    "top": "0",
                                                    "right": "0",
                                                    "bottom": "0",
                                                    "left": "0",
                                                    "isLinked": false
                                                },
                                                "toggle_align": "right",
                                                "full_width": "stretch",
                                                "text_align": "center",
                                                "_z_index": 999,
                                                "indicator": "chevron",
                                                "color_dropdown_item": "#444343",
                                                "background_color_dropdown_item": "#FFFFFF",
                                                "color_dropdown_item_hover": "#FFFFFF",
                                                "background_color_dropdown_item_hover": "#444343",
                                                "color_dropdown_item_active": "#FFFFFF",
                                                "background_color_dropdown_item_active": "#444343",
                                                "dropdown_typography_typography": "custom",
                                                "dropdown_typography_font_family": "Josefin Sans",
                                                "dropdown_typography_font_size": {
                                                    "unit": "em",
                                                    "size": 0.82,
                                                    "sizes": []
                                                },
                                                "dropdown_typography_font_weight": "700",
                                                "dropdown_typography_text_transform": "uppercase",
                                                "dropdown_typography_letter_spacing": {
                                                    "unit": "px",
                                                    "size": 0,
                                                    "sizes": []
                                                },
                                                "padding_horizontal_dropdown_item": {
                                                    "unit": "px",
                                                    "size": 4,
                                                    "sizes": []
                                                },
                                                "padding_vertical_dropdown_item": {
                                                    "unit": "px",
                                                    "size": 12,
                                                    "sizes": []
                                                },
                                                "dropdown_divider_border": "solid",
                                                "dropdown_divider_color": "rgba(166, 166, 166, 0.27)",
                                                "dropdown_divider_width": {
                                                    "unit": "px",
                                                    "size": 1,
                                                    "sizes": []
                                                }
                                            },
                                            "elements": [],
                                            "isInner": false,
                                            "widgetType": "nav-menu",
                                            "elType": "widget"
                                        }
                                    ],
                                    "isInner": true,
                                    "elType": "column"
                                }
                            ],
                            "isInner": true,
                            "elType": "section"
                        }
                    ],
                    "isInner": false,
                    "elType": "column"
                }
            ],
            "isInner": false,
            "elType": "section"
        }
    ]
}