{
    "version": "0.4",
    "title": "Single Product",
    "type": "product",
    "metadata": {
        "template_type": "single-product",
        "include_in_zip": "1",
        "elementor_pro_required": "1",
        "elementor_library_type": "product",
        "elementor_pro_conditions": [
            "include\/product"
        ],
        "additional_template_information": [
            "This is a \"Product\" template for Elementor Pro.",
            "This template will display on: Products."
        ],
        "wp_page_template": "default"
    },
    "content": [
        {
            "id": "25b6998c",
            "settings": {
                "stretch_section": "section-stretched",
                "layout": "full_width",
                "html_tag": "header",
                "margin": {
                    "unit": "px",
                    "top": "0",
                    "right": 0,
                    "bottom": "0",
                    "left": 0,
                    "isLinked": false
                },
                "padding": {
                    "unit": "px",
                    "top": "0",
                    "right": "0",
                    "bottom": "0",
                    "left": "0",
                    "isLinked": false
                },
                "gap": "no",
                "background_background": "classic",
                "background_overlay_background": "classic",
                "background_overlay_opacity": {
                    "unit": "px",
                    "size": 0.4,
                    "sizes": []
                },
                "background_repeat": "no-repeat",
                "background_position": "center center",
                "background_size": "cover",
                "shape_divider_bottom_width": {
                    "unit": "%",
                    "size": 100,
                    "sizes": []
                },
                "shape_divider_bottom_height": {
                    "unit": "px",
                    "size": 164,
                    "sizes": []
                },
                "shape_divider_bottom_flip": "yes",
                "shape_divider_bottom_width_tablet": {
                    "unit": "%",
                    "size": 100,
                    "sizes": []
                },
                "shape_divider_bottom_height_tablet": {
                    "unit": "px",
                    "size": 117,
                    "sizes": []
                },
                "shape_divider_bottom_width_mobile": {
                    "unit": "%",
                    "size": 100,
                    "sizes": []
                },
                "shape_divider_bottom_height_mobile": {
                    "unit": "px",
                    "size": 71,
                    "sizes": []
                },
                "background_color": "#FFFFFF",
                "background_color_b": ""
            },
            "elements": [
                {
                    "id": "43c5db66",
                    "settings": {
                        "_column_size": 100,
                        "_inline_size": null,
                        "space_between_widgets": 0,
                        "margin": {
                            "unit": "px",
                            "top": "0",
                            "right": "0",
                            "bottom": "0",
                            "left": "0",
                            "isLinked": false
                        },
                        "padding": {
                            "unit": "px",
                            "top": "0",
                            "right": "0",
                            "bottom": "0",
                            "left": "0",
                            "isLinked": false
                        }
                    },
                    "elements": [
                        {
                            "id": "e1b5c35",
                            "settings": {
                                "content_width": {
                                    "unit": "px",
                                    "size": 1170,
                                    "sizes": []
                                },
                                "background_background": "classic",
                                "background_overlay_background": "classic",
                                "background_overlay_opacity": {
                                    "unit": "px",
                                    "size": 0.4,
                                    "sizes": []
                                },
                                "box_shadow_box_shadow": {
                                    "horizontal": 2,
                                    "vertical": 2,
                                    "blur": "",
                                    "spread": 0,
                                    "color": "rgba(0, 0, 0, 0.3)"
                                },
                                "margin": {
                                    "unit": "px",
                                    "top": "0",
                                    "right": 0,
                                    "bottom": "0",
                                    "left": 0,
                                    "isLinked": false
                                },
                                "padding": {
                                    "unit": "px",
                                    "top": "82",
                                    "right": "0",
                                    "bottom": "15",
                                    "left": "0",
                                    "isLinked": false
                                },
                                "padding_tablet": {
                                    "unit": "px",
                                    "top": "3",
                                    "right": "30",
                                    "bottom": "0",
                                    "left": "30",
                                    "isLinked": false
                                },
                                "padding_mobile": {
                                    "unit": "px",
                                    "top": "30",
                                    "right": "20",
                                    "bottom": "0",
                                    "left": "20",
                                    "isLinked": false
                                }
                            },
                            "elements": [
                                {
                                    "id": "e0d0f21",
                                    "settings": {
                                        "_column_size": 100,
                                        "_inline_size": null,
                                        "space_between_widgets": 0,
                                        "margin": {
                                            "unit": "px",
                                            "top": "0",
                                            "right": "0",
                                            "bottom": "0",
                                            "left": "0",
                                            "isLinked": false
                                        },
                                        "padding": {
                                            "unit": "px",
                                            "top": "0",
                                            "right": "0",
                                            "bottom": "0",
                                            "left": "0",
                                            "isLinked": false
                                        },
                                        "align": "center",
                                        "padding_tablet": {
                                            "unit": "px",
                                            "top": "0",
                                            "right": "0",
                                            "bottom": "0",
                                            "left": "0",
                                            "isLinked": false
                                        }
                                    },
                                    "elements": [
                                        {
                                            "id": "abbb450",
                                            "settings": {
                                                "text_color": "#A6A6A6",
                                                "link_color": "#FFA897",
                                                "text_typography_typography": "custom",
                                                "text_typography_font_family": "Abel",
                                                "text_typography_font_size": {
                                                    "unit": "em",
                                                    "size": 0.83,
                                                    "sizes": []
                                                },
                                                "text_typography_font_weight": "400",
                                                "text_typography_line_height": {
                                                    "unit": "em",
                                                    "size": 1.6,
                                                    "sizes": []
                                                },
                                                "text_typography_letter_spacing": {
                                                    "unit": "px",
                                                    "size": 0,
                                                    "sizes": []
                                                },
                                                "alignment": "left",
                                                "_margin": {
                                                    "unit": "px",
                                                    "top": "0",
                                                    "right": "0",
                                                    "bottom": "2",
                                                    "left": "0",
                                                    "isLinked": false
                                                },
                                                "_padding": {
                                                    "unit": "px",
                                                    "top": "0",
                                                    "right": "0",
                                                    "bottom": "0",
                                                    "left": "0",
                                                    "isLinked": false
                                                }
                                            },
                                            "elements": [],
                                            "isInner": false,
                                            "widgetType": "woocommerce-breadcrumb",
                                            "elType": "widget"
                                        }
                                    ],
                                    "isInner": true,
                                    "elType": "column"
                                }
                            ],
                            "isInner": true,
                            "elType": "section"
                        }
                    ],
                    "isInner": false,
                    "elType": "column"
                }
            ],
            "isInner": false,
            "elType": "section"
        },
        {
            "id": "7522b809",
            "settings": {
                "content_width": {
                    "unit": "px",
                    "size": 1170,
                    "sizes": []
                },
                "structure": "20",
                "margin": {
                    "unit": "px",
                    "top": "0",
                    "right": 0,
                    "bottom": "0",
                    "left": 0,
                    "isLinked": false
                },
                "padding": {
                    "unit": "px",
                    "top": "0",
                    "right": "0",
                    "bottom": "0",
                    "left": "0",
                    "isLinked": false
                },
                "padding_tablet": {
                    "unit": "px",
                    "top": "30",
                    "right": "30",
                    "bottom": "30",
                    "left": "30",
                    "isLinked": true
                },
                "padding_mobile": {
                    "unit": "px",
                    "top": "30",
                    "right": "20",
                    "bottom": "30",
                    "left": "20",
                    "isLinked": false
                }
            },
            "elements": [
                {
                    "id": "3e2e74b3",
                    "settings": {
                        "_column_size": 50,
                        "_inline_size": 50.9,
                        "space_between_widgets": 0,
                        "margin": {
                            "unit": "px",
                            "top": "0",
                            "right": "15",
                            "bottom": "0",
                            "left": "0",
                            "isLinked": false
                        },
                        "padding": {
                            "unit": "px",
                            "top": "0",
                            "right": "0",
                            "bottom": "0",
                            "left": "0",
                            "isLinked": false
                        },
                        "margin_mobile": {
                            "unit": "px",
                            "top": "0",
                            "right": "0",
                            "bottom": "0",
                            "left": "0",
                            "isLinked": false
                        }
                    },
                    "elements": [
                        {
                            "id": "7061893",
                            "settings": {
                                "spacing": {
                                    "unit": "px",
                                    "size": 0,
                                    "sizes": []
                                },
                                "spacing_thumbs": {
                                    "unit": "px",
                                    "size": 0,
                                    "sizes": []
                                },
                                "_margin": {
                                    "unit": "px",
                                    "top": "0",
                                    "right": "0",
                                    "bottom": "0",
                                    "left": "0",
                                    "isLinked": false
                                },
                                "_padding": {
                                    "unit": "px",
                                    "top": "0",
                                    "right": "0",
                                    "bottom": "0",
                                    "left": "0",
                                    "isLinked": false
                                }
                            },
                            "elements": [],
                            "isInner": false,
                            "widgetType": "woocommerce-product-images",
                            "elType": "widget"
                        }
                    ],
                    "isInner": false,
                    "elType": "column"
                },
                {
                    "id": "59d23f9f",
                    "settings": {
                        "_column_size": 50,
                        "_inline_size": 49.1,
                        "space_between_widgets": 0,
                        "margin": {
                            "unit": "px",
                            "top": "0",
                            "right": "0",
                            "bottom": "0",
                            "left": "14",
                            "isLinked": false
                        },
                        "padding": {
                            "unit": "px",
                            "top": "0",
                            "right": "0",
                            "bottom": "0",
                            "left": "0",
                            "isLinked": false
                        },
                        "margin_mobile": {
                            "unit": "px",
                            "top": "0",
                            "right": "0",
                            "bottom": "0",
                            "left": "0",
                            "isLinked": false
                        }
                    },
                    "elements": [
                        {
                            "id": "2b8fc937",
                            "settings": {
                                "__dynamic__": {
                                    "title": "[elementor-tag id=\"\" name=\"woocommerce-product-title-tag\" settings=\"%7B%22before%22%3A%22%22%2C%22after%22%3A%22%22%2C%22fallback%22%3A%22%22%7D\"]"
                                },
                                "title": "Add Your Heading Text Here",
                                "align": "left",
                                "title_color": "#444343",
                                "typography_typography": "custom",
                                "typography_font_family": "Abel",
                                "typography_font_size": {
                                    "unit": "em",
                                    "size": 1.66,
                                    "sizes": []
                                },
                                "typography_font_weight": "400",
                                "typography_text_transform": "none",
                                "typography_line_height": {
                                    "unit": "em",
                                    "size": 1,
                                    "sizes": []
                                },
                                "typography_letter_spacing": {
                                    "unit": "px",
                                    "size": 0.3,
                                    "sizes": []
                                },
                                "_margin": {
                                    "unit": "px",
                                    "top": "0",
                                    "right": "0",
                                    "bottom": "13",
                                    "left": "0",
                                    "isLinked": false
                                },
                                "_padding": {
                                    "unit": "px",
                                    "top": "0",
                                    "right": "0",
                                    "bottom": "0",
                                    "left": "0",
                                    "isLinked": false
                                }
                            },
                            "elements": [],
                            "isInner": false,
                            "widgetType": "woocommerce-product-title",
                            "elType": "widget"
                        },
                        {
                            "id": "38722a89",
                            "settings": {
                                "star_color": "#FFA897",
                                "empty_star_color": "#A6A6A6",
                                "link_color": "#FFA897",
                                "star_size": {
                                    "unit": "em",
                                    "size": 1,
                                    "sizes": []
                                },
                                "space_between": {
                                    "unit": "em",
                                    "size": 1,
                                    "sizes": []
                                },
                                "alignment": "left",
                                "_margin": {
                                    "unit": "px",
                                    "top": "0",
                                    "right": "0",
                                    "bottom": "18",
                                    "left": "0",
                                    "isLinked": false
                                },
                                "_padding": {
                                    "unit": "px",
                                    "top": "0",
                                    "right": "0",
                                    "bottom": "0",
                                    "left": "0",
                                    "isLinked": false
                                }
                            },
                            "elements": [],
                            "isInner": false,
                            "widgetType": "woocommerce-product-rating",
                            "elType": "widget"
                        },
                        {
                            "id": "1474b83e",
                            "settings": {
                                "text_align": "left",
                                "price_color": "#FFA897",
                                "typography_typography": "custom",
                                "typography_font_family": "Abel",
                                "typography_font_size": {
                                    "unit": "em",
                                    "size": 1.66,
                                    "sizes": []
                                },
                                "typography_font_weight": "400",
                                "typography_text_transform": "none",
                                "typography_line_height": {
                                    "unit": "em",
                                    "size": 1.2,
                                    "sizes": []
                                },
                                "typography_letter_spacing": {
                                    "unit": "px",
                                    "size": 0,
                                    "sizes": []
                                },
                                "_margin": {
                                    "unit": "px",
                                    "top": "0",
                                    "right": "0",
                                    "bottom": "34",
                                    "left": "0",
                                    "isLinked": false
                                },
                                "_padding": {
                                    "unit": "px",
                                    "top": "0",
                                    "right": "0",
                                    "bottom": "0",
                                    "left": "0",
                                    "isLinked": false
                                }
                            },
                            "elements": [],
                            "isInner": false,
                            "widgetType": "woocommerce-product-price",
                            "elType": "widget"
                        },
                        {
                            "id": "63ef2a64",
                            "settings": {
                                "text_align": "left",
                                "text_color": "#A6A6A6",
                                "text_typography_typography": "custom",
                                "text_typography_font_family": "Abel",
                                "text_typography_font_size": {
                                    "unit": "em",
                                    "size": 1,
                                    "sizes": []
                                },
                                "text_typography_font_weight": "400",
                                "text_typography_text_transform": "none",
                                "text_typography_line_height": {
                                    "unit": "em",
                                    "size": 1.44,
                                    "sizes": []
                                },
                                "text_typography_letter_spacing": {
                                    "unit": "px",
                                    "size": 0,
                                    "sizes": []
                                },
                                "_margin": {
                                    "unit": "px",
                                    "top": "0",
                                    "right": "0",
                                    "bottom": "25",
                                    "left": "0",
                                    "isLinked": false
                                },
                                "_padding": {
                                    "unit": "px",
                                    "top": "0",
                                    "right": "50",
                                    "bottom": "0",
                                    "left": "0",
                                    "isLinked": false
                                }
                            },
                            "elements": [],
                            "isInner": false,
                            "widgetType": "woocommerce-product-short-description",
                            "elType": "widget"
                        },
                        {
                            "id": "14af218e",
                            "settings": {
                                "alignment": "left",
                                "button_typography_typography": "custom",
                                "button_typography_font_family": "Josefin Sans",
                                "button_typography_font_size": {
                                    "unit": "em",
                                    "size": 0.72,
                                    "sizes": []
                                },
                                "button_typography_font_weight": "700",
                                "button_typography_text_transform": "uppercase",
                                "button_typography_line_height": {
                                    "unit": "em",
                                    "size": 1,
                                    "sizes": []
                                },
                                "button_typography_letter_spacing": {
                                    "unit": "px",
                                    "size": 0,
                                    "sizes": []
                                },
                                "button_border_border": "solid",
                                "button_border_width": {
                                    "unit": "px",
                                    "top": "3",
                                    "right": "3",
                                    "bottom": "3",
                                    "left": "3",
                                    "isLinked": true
                                },
                                "button_border_radius": {
                                    "unit": "px",
                                    "top": "3",
                                    "right": "3",
                                    "bottom": "3",
                                    "left": "3",
                                    "isLinked": true
                                },
                                "button_padding": {
                                    "unit": "px",
                                    "top": "24",
                                    "right": "26",
                                    "bottom": "17",
                                    "left": "27",
                                    "isLinked": false
                                },
                                "button_text_color": "#FFA897",
                                "button_bg_color": "#FFFFFF",
                                "button_border_color": "#FFA897",
                                "button_text_color_hover": "#444343",
                                "button_border_color_hover": "#444343",
                                "spacing": {
                                    "unit": "px",
                                    "size": 10,
                                    "sizes": []
                                },
                                "quantity_typography_typography": "custom",
                                "quantity_typography_font_family": "Josefin Sans",
                                "quantity_typography_font_size": {
                                    "unit": "em",
                                    "size": 1,
                                    "sizes": []
                                },
                                "quantity_typography_font_weight": "700",
                                "quantity_typography_text_transform": "uppercase",
                                "quantity_typography_line_height": {
                                    "unit": "em",
                                    "size": 1,
                                    "sizes": []
                                },
                                "quantity_typography_letter_spacing": {
                                    "unit": "px",
                                    "size": 0,
                                    "sizes": []
                                },
                                "quantity_border_border": "solid",
                                "quantity_border_width": {
                                    "unit": "px",
                                    "top": "3",
                                    "right": "3",
                                    "bottom": "3",
                                    "left": "3",
                                    "isLinked": true
                                },
                                "quantity_border_radius": {
                                    "unit": "px",
                                    "top": "3",
                                    "right": "3",
                                    "bottom": "3",
                                    "left": "3",
                                    "isLinked": true
                                },
                                "quantity_padding": {
                                    "unit": "px",
                                    "top": "24",
                                    "right": "0",
                                    "bottom": "17",
                                    "left": "12",
                                    "isLinked": false
                                },
                                "quantity_text_color": "#A6A6A6",
                                "quantity_bg_color": "#FFFFFF",
                                "quantity_border_color": "#EFEFEF",
                                "quantity_text_color_focus": "#A6A6A6",
                                "quantity_bg_color_focus": "#FFFFFF",
                                "quantity_border_color_focus": "#FFA897",
                                "_margin": {
                                    "unit": "px",
                                    "top": "0",
                                    "right": "0",
                                    "bottom": "35",
                                    "left": "0",
                                    "isLinked": false
                                }
                            },
                            "elements": [],
                            "isInner": false,
                            "widgetType": "woocommerce-product-add-to-cart",
                            "elType": "widget"
                        },
                        {
                            "id": "975f717",
                            "settings": {
                                "view": "stacked",
                                "space_between": {
                                    "unit": "px",
                                    "size": 3,
                                    "sizes": []
                                },
                                "text_typography_typography": "custom",
                                "text_typography_font_family": "Abel",
                                "text_typography_font_size": {
                                    "unit": "em",
                                    "size": 1,
                                    "sizes": []
                                },
                                "text_typography_font_weight": "400",
                                "text_typography_text_transform": "none",
                                "text_typography_line_height": {
                                    "unit": "em",
                                    "size": 1.33,
                                    "sizes": []
                                },
                                "text_typography_letter_spacing": {
                                    "unit": "px",
                                    "size": 0,
                                    "sizes": []
                                },
                                "text_color": "#444343",
                                "link_typography_typography": "custom",
                                "link_typography_font_family": "Abel",
                                "link_typography_font_size": {
                                    "unit": "em",
                                    "size": 1,
                                    "sizes": []
                                },
                                "link_typography_font_weight": "400",
                                "link_typography_text_transform": "none",
                                "link_typography_line_height": {
                                    "unit": "em",
                                    "size": 1.33,
                                    "sizes": []
                                },
                                "link_typography_letter_spacing": {
                                    "unit": "px",
                                    "size": 0,
                                    "sizes": []
                                },
                                "link_color": "#A6A6A6"
                            },
                            "elements": [],
                            "isInner": false,
                            "widgetType": "woocommerce-product-meta",
                            "elType": "widget"
                        }
                    ],
                    "isInner": false,
                    "elType": "column"
                }
            ],
            "isInner": false,
            "elType": "section"
        },
        {
            "id": "5be6d75c",
            "settings": {
                "content_width": {
                    "unit": "px",
                    "size": 1170,
                    "sizes": []
                },
                "margin": {
                    "unit": "px",
                    "top": "0",
                    "right": 0,
                    "bottom": "0",
                    "left": 0,
                    "isLinked": false
                },
                "padding": {
                    "unit": "px",
                    "top": "0",
                    "right": "0",
                    "bottom": "0",
                    "left": "0",
                    "isLinked": false
                },
                "padding_tablet": {
                    "unit": "px",
                    "top": "30",
                    "right": "30",
                    "bottom": "60",
                    "left": "30",
                    "isLinked": false
                },
                "padding_mobile": {
                    "unit": "px",
                    "top": "40",
                    "right": "20",
                    "bottom": "30",
                    "left": "20",
                    "isLinked": false
                }
            },
            "elements": [
                {
                    "id": "24bfb172",
                    "settings": {
                        "_column_size": 100,
                        "_inline_size": null,
                        "space_between_widgets": 0,
                        "margin": {
                            "unit": "px",
                            "top": "0",
                            "right": "0",
                            "bottom": "0",
                            "left": "0",
                            "isLinked": false
                        },
                        "padding": {
                            "unit": "px",
                            "top": "0",
                            "right": "0",
                            "bottom": "0",
                            "left": "0",
                            "isLinked": false
                        }
                    },
                    "elements": [
                        {
                            "id": "48d9c7be",
                            "settings": {
                                "tab_text_color": "#A6A6A6",
                                "tab_bg_color": "#FFFFFF",
                                "active_tab_text_color": "#000000",
                                "tab_typography_typography": "custom",
                                "tab_typography_font_family": "Josefin Sans",
                                "tab_typography_font_size": {
                                    "unit": "em",
                                    "size": 0.72,
                                    "sizes": []
                                },
                                "tab_typography_font_weight": "400",
                                "tab_typography_text_transform": "none",
                                "tab_typography_line_height": {
                                    "unit": "em",
                                    "size": 1,
                                    "sizes": []
                                },
                                "tab_typography_letter_spacing": {
                                    "unit": "px",
                                    "size": 0,
                                    "sizes": []
                                },
                                "text_color": "#A6A6A6",
                                "content_typography_typography": "custom",
                                "content_typography_font_family": "Abel",
                                "content_typography_font_size": {
                                    "unit": "em",
                                    "size": 1,
                                    "sizes": []
                                },
                                "content_typography_font_weight": "400",
                                "content_typography_text_transform": "none",
                                "content_typography_line_height": {
                                    "unit": "em",
                                    "size": 1.44,
                                    "sizes": []
                                },
                                "content_typography_letter_spacing": {
                                    "unit": "px",
                                    "size": 0,
                                    "sizes": []
                                },
                                "heading_color": "#A6A6A6",
                                "content_heading_typography_typography": "custom",
                                "content_heading_typography_font_family": "Abel",
                                "content_heading_typography_font_size": {
                                    "unit": "em",
                                    "size": 1.33,
                                    "sizes": []
                                },
                                "content_heading_typography_font_weight": "400",
                                "content_heading_typography_text_transform": "none",
                                "content_heading_typography_line_height": {
                                    "unit": "em",
                                    "size": 1,
                                    "sizes": []
                                },
                                "content_heading_typography_letter_spacing": {
                                    "unit": "px",
                                    "size": 0,
                                    "sizes": []
                                }
                            },
                            "elements": [],
                            "isInner": false,
                            "widgetType": "woocommerce-product-data-tabs",
                            "elType": "widget"
                        }
                    ],
                    "isInner": false,
                    "elType": "column"
                }
            ],
            "isInner": false,
            "elType": "section"
        },
        {
            "id": "51e8eaa4",
            "settings": {
                "content_width": {
                    "unit": "px",
                    "size": 1170,
                    "sizes": []
                },
                "background_background": "classic",
                "background_color": "#F7F7F7",
                "margin": {
                    "unit": "px",
                    "top": "0",
                    "right": 0,
                    "bottom": "0",
                    "left": 0,
                    "isLinked": false
                },
                "padding": {
                    "unit": "px",
                    "top": "130",
                    "right": "0",
                    "bottom": "150",
                    "left": "0",
                    "isLinked": false
                },
                "padding_tablet": {
                    "unit": "px",
                    "top": "60",
                    "right": "30",
                    "bottom": "60",
                    "left": "30",
                    "isLinked": false
                },
                "padding_mobile": {
                    "unit": "px",
                    "top": "40",
                    "right": "20",
                    "bottom": "60",
                    "left": "20",
                    "isLinked": false
                }
            },
            "elements": [
                {
                    "id": "19eb18b",
                    "settings": {
                        "_column_size": 100,
                        "_inline_size": null,
                        "space_between_widgets": 0,
                        "margin": {
                            "unit": "px",
                            "top": "0",
                            "right": "0",
                            "bottom": "0",
                            "left": "0",
                            "isLinked": false
                        },
                        "padding": {
                            "unit": "px",
                            "top": "0",
                            "right": "0",
                            "bottom": "0",
                            "left": "0",
                            "isLinked": false
                        },
                        "align": "center",
                        "padding_tablet": {
                            "unit": "px",
                            "top": "0",
                            "right": "0",
                            "bottom": "0",
                            "left": "0",
                            "isLinked": false
                        }
                    },
                    "elements": [
                        {
                            "id": "16086108",
                            "settings": {
                                "posts_per_page": 3,
                                "columns": 3,
                                "image_spacing": {
                                    "unit": "px",
                                    "size": 0,
                                    "sizes": []
                                },
                                "title_color": "#444343",
                                "title_typography_typography": "custom",
                                "title_typography_font_family": "Abel",
                                "title_typography_font_size": {
                                    "unit": "em",
                                    "size": 1.33,
                                    "sizes": []
                                },
                                "title_typography_font_weight": "400",
                                "title_typography_text_transform": "none",
                                "title_typography_line_height": {
                                    "unit": "em",
                                    "size": 1.17,
                                    "sizes": []
                                },
                                "title_typography_letter_spacing": {
                                    "unit": "px",
                                    "size": 0,
                                    "sizes": []
                                },
                                "star_color": "#FFA897",
                                "empty_star_color": "#FFFFFF",
                                "price_color": "#FFA897",
                                "price_typography_typography": "custom",
                                "price_typography_font_family": "Abel",
                                "price_typography_font_size": {
                                    "unit": "em",
                                    "size": 1.66,
                                    "sizes": []
                                },
                                "price_typography_font_weight": "400",
                                "price_typography_text_transform": "uppercase",
                                "price_typography_line_height": {
                                    "unit": "em",
                                    "size": 1.2,
                                    "sizes": []
                                },
                                "price_typography_letter_spacing": {
                                    "unit": "px",
                                    "size": 0,
                                    "sizes": []
                                },
                                "old_price_color": "#444343",
                                "old_price_typography_typography": "custom",
                                "old_price_typography_font_family": "Abel",
                                "old_price_typography_font_size": {
                                    "unit": "em",
                                    "size": 1.33,
                                    "sizes": []
                                },
                                "old_price_typography_font_weight": "400",
                                "old_price_typography_text_transform": "uppercase",
                                "old_price_typography_line_height": {
                                    "unit": "em",
                                    "size": 1,
                                    "sizes": []
                                },
                                "old_price_typography_letter_spacing": {
                                    "unit": "px",
                                    "size": 0,
                                    "sizes": []
                                },
                                "button_text_color": "#FFA897",
                                "button_background_color": "rgba(255, 255, 255, 0)",
                                "button_border_color": "#FFA897",
                                "button_border_border": "solid",
                                "button_border_radius": {
                                    "unit": "px",
                                    "top": "3",
                                    "right": "3",
                                    "bottom": "3",
                                    "left": "3",
                                    "isLinked": true
                                },
                                "button_text_padding": {
                                    "unit": "px",
                                    "top": "22",
                                    "right": "30",
                                    "bottom": "19",
                                    "left": "29",
                                    "isLinked": false
                                },
                                "heading_color": "#444343",
                                "heading_typography_typography": "custom",
                                "heading_typography_font_family": "Abel",
                                "heading_typography_font_size": {
                                    "unit": "em",
                                    "size": 3.33,
                                    "sizes": []
                                },
                                "heading_typography_font_size_tablet": {
                                    "unit": "em",
                                    "size": 2.5,
                                    "sizes": []
                                },
                                "heading_typography_font_size_mobile": {
                                    "unit": "em",
                                    "size": 2,
                                    "sizes": []
                                },
                                "heading_typography_font_weight": "400",
                                "heading_typography_text_transform": "uppercase",
                                "heading_typography_line_height": {
                                    "unit": "em",
                                    "size": 1.11,
                                    "sizes": []
                                },
                                "heading_typography_letter_spacing": {
                                    "unit": "px",
                                    "size": 18,
                                    "sizes": []
                                },
                                "heading_typography_letter_spacing_tablet": {
                                    "unit": "px",
                                    "size": 12,
                                    "sizes": []
                                },
                                "heading_typography_letter_spacing_mobile": {
                                    "unit": "px",
                                    "size": 10,
                                    "sizes": []
                                },
                                "heading_text_align": "left",
                                "_margin": {
                                    "unit": "px",
                                    "top": "0",
                                    "right": "0",
                                    "bottom": "0",
                                    "left": "0",
                                    "isLinked": false
                                },
                                "_padding": {
                                    "unit": "px",
                                    "top": "0",
                                    "right": "0",
                                    "bottom": "0",
                                    "left": "0",
                                    "isLinked": false
                                },
                                "button_hover_color": "#444343",
                                "button_hover_background_color": "rgba(2, 1, 1, 0)",
                                "button_hover_border_color": "#444343",
                                "button_border_width": {
                                    "unit": "px",
                                    "top": "3",
                                    "right": "3",
                                    "bottom": "3",
                                    "left": "3",
                                    "isLinked": true
                                },
                                "columns_mobile": 1
                            },
                            "elements": [],
                            "isInner": false,
                            "widgetType": "woocommerce-product-related",
                            "elType": "widget"
                        }
                    ],
                    "isInner": false,
                    "elType": "column"
                }
            ],
            "isInner": false,
            "elType": "section"
        }
    ],
    "page_settings": {
        "page_template": "elementor_canvas"
    }
}